Workbook

Sheet OLS
A2: Meeting Date | B2: 3 month CPI average | C2: Rolling CPI Gap | D2: Growth Gap | E2: Last decision | F2: GVA | G2: Rate Decision
A3: 46100 | B3: 3.2 | C3: =B3-2 -> 1.2 | D3: =F3-2 -> -1.7 | E3: =G4 -> 3.75 | F3: 0.3 | G3: 3.75
A4: 46058 | B4: 3.4 | C4: =B4-2 -> 1.4 | D4: =F4-2 -> -2 | E4: =G5 -> 3.75 | F4: 0 | G4: 3.75
A5: 46009 | B5: 3.2 | C5: =B5-2 -> 1.2 | D5: =F5-2 -> -2.1 | E5: =G6 -> 4 | F5: -0.1 | G5: 3.75
A6: 45967 | B6: 3.6 | C6: =B6-2 -> 1.6 | D6: =F6-2 -> -2.1 | E6: =G7 -> 4 | F6: -0.1 | G6: 4
A7: 45918 | B7: 3.8 | C7: =B7-2 -> 1.8 | D7: =F7-2 -> -2 | E7: =G8 -> 4 | F7: 0 | G7: 4
A8: 45876 | B8: 3.8 | C8: =B8-2 -> 1.8 | D8: =F8-2 -> -1.8 | E8: =G9 -> 4.25 | F8: 0.2 | G8: 4
A9: 45827 | B9: 3.6 | C9: =B9-2 -> 1.6 | D9: =F9-2 -> -1.9 | E9: =G10 -> 4.25 | F9: 0.1 | G9: 4.25
A10: 45785 | B10: 3.4 | C10: =B10-2 -> 1.4 | D10: =F10-2 -> -1.7 | E10: =G11 -> 4.5 | F10: 0.3 | G10: 4.25
A11: 45736 | B11: 2.6 | C11: =B11-2 -> 0.6 | D11: =F11-2 -> -1.4 | E11: =G12 -> 4.5 | F11: 0.6 | G11: 4.5 | K11: Linear Regression
A12: 45694 | B12: 2.8 | C12: =B12-2 -> 0.8 | D12: =F12-2 -> -1.4 | E12: =G13 -> 4.75 | F12: 0.6 | G12: 4.5 | K12: Last decision | L12: Inflation | M12: Growth | N12: Const
A13: 45645 | B13: 2.5 | C13: =B13-2 -> 0.5 | D13: =F13-2 -> -1.6 | E13: =G14 -> 4.75 | F13: 0.4 | G13: 4.75 | J13: coefficient | K13: {=LINEST(G3:G28,C3:E28,TRUE,TRUE)} -> 1.0159617 | L13: 0.090782311 | M13: 0.069073686 | N13: -0.055855247
A14: 45603 | B14: 2.6 | C14: =B14-2 -> 0.6 | D14: =F14-2 -> -1.8 | E14: =G15 -> 5 | F14: 0.2 | G14: 4.75 | J14: s.d. | K14: 0.050910027 | L14: 0.097844047 | M14: 0.012380556 | N14: 0.30640031
A15: 45554 | B15: 1.7 | C15: =B15-2 -> -0.3 | D15: =F15-2 -> -1.9 | E15: =G16 -> 5 | F15: 0.1 | G15: 5 | J15: r^2 value | K15: 0.94879004 | L15: 0.13563917 | M15: #N/A | N15: #N/A
A16: 45505 | B16: 2.2 | C16: =B16-2 -> 0.2 | D16: =F16-2 -> -1.9 | E16: =G17 -> 5.25 | F16: 0.1 | G16: 5 | J16: F statistic, df | K16: 135.86797 | L16: 22 | M16: #N/A | N16: #N/A
A17: 45463 | B17: 2 | C17: =B17-2 -> 0 | D17: =F17-2 -> -1.4 | E17: =G18 -> 5.25 | F17: 0.6 | G17: 5.25 | K17: 7.4990905 | L17: 0.40475567 | M17: #N/A | N17: #N/A
A18: 45421 | B18: 2 | C18: =B18-2 -> 0 | D18: =F18-2 -> -1.2 | E18: =G19 -> 5.25 | F18: 0.8 | G18: 5.25
A19: 45372 | B19: 3.2 | C19: =B19-2 -> 1.2 | D19: =F19-2 -> -1.4 | E19: =G20 -> 5.25 | F19: 0.6 | G19: 5.25
A20: 45323 | B20: 3.4 | C20: =B20-2 -> 1.4 | D20: =F20-2 -> -1.8 | E20: =G21 -> 5.25 | F20: 0.2 | G20: 5.25
A21: 45274 | B21: 4 | C21: =B21-2 -> 2 | D21: =F21-2 -> -2.3 | E21: =G22 -> 5.25 | F21: -0.3 | G21: 5.25
A22: 45232 | B22: 3.9 | C22: =B22-2 -> 1.9 | D22: =F22-2 -> -2.4 | E22: =G23 -> 5.25 | F22: -0.4 | G22: 5.25
A23: 45190 | B23: 6.7 | C23: =B23-2 -> 4.7 | D23: =F23-2 -> -2.1 | E23: =G24 -> 5.25 | F23: -0.1 | G23: 5.25
A24: 45141 | B24: 6.7 | C24: =B24-2 -> 4.7 | D24: =F24-2 -> -1.8 | E24: =G25 -> 5 | F24: 0.2 | G24: 5.25
A25: 45099 | B25: 7.9 | C25: =B25-2 -> 5.9 | D25: =F25-2 -> -2 | E25: =G26 -> 4.5 | F25: 0 | G25: 5
A26: 45057 | B26: 8.7 | C26: =B26-2 -> 6.7 | D26: =F26-2 -> -2.1 | E26: =G27 -> 4.25 | F26: -0.1 | G26: 4.5
A27: 45008 | B27: 10.1 | C27: =B27-2 -> 8.1 | D27: =F27-2 -> -1.9 | E27: =G28 -> 4 | F27: 0.1 | G27: 4.25
A28: 44959 | B28: 10.4 | C28: =B28-2 -> 8.4 | D28: =F28-2 -> -1.8 | E28: =G29 -> 3.5 | F28: 0.2 | G28: 4
A29: 44910 | B29: 10.5 | C29: =B29-2 -> 8.5 | D29: =F29-2 -> -1.6 | E29: =G30 -> 2.25 | F29: 0.4 | G29: 3.5
... A83: 42383 | B83: 0.3 | C83: =B83-2 -> -1.7 | D83: =F83-2 -> -1.5 | E83: =G84 -> 0 | F83: 0.5 | G83: 0.5

Sheet Market implied inflation
B1: Real | C1: Nominal | D1: Breakeven Inflation
A2: Maturity (years): | B2: 3 | C2: 3 | D2: 3
A3: 42400 | B3: -1.5686487 | C3: 0.55807807 | D3: =C3-B3 + B3/B3 - 1 -> 2.1267268
A4: 42429 | B4: -1.4527808 | C4: 0.37611435 | D4: =C4-B4 + B4/B4 - 1 -> 1.8288952
A5: 42460 | B5: -1.8109517 | C5: 0.47807176 | D5: =C5-B5 + B5/B5 - 1 -> 2.2890235
A6: 42490 | B6: -1.7484741 | C6: 0.6132971 | D6: =C6-B6 + B6/B6 - 1 -> 2.3617712
A7: 42521 | B7: -1.7021795 | C7: 0.56381111 | D7: =C7-B7 + B7/B7 - 1 -> 2.2659906
A8: 42551 | B8: -2.3247167 | C8: 0.15376133 | D8: =C8-B8 + B8/B8 - 1 -> 2.478478
A9: 42582 | B9: -2.5179293 | C9: 0.094549321 | D9: =C9-B9 + B9/B9 - 1 -> 2.6124786
A10: 42613 | B10: -2.7095692 | C10: 0.10443917 | D10: =C10-B10 + B10/B10 - 1 -> 2.8140083
A11: 42643 | B11: -2.6341308 | C11: 0.10386473 | D11: =C11-B11 + B11/B11 - 1 -> 2.7379955
A12: 42674 | B12: -2.8666555 | C12: 0.34749201 | D12: =C12-B12 + B12/B12 - 1 -> 3.2141475
A13: 42704 | B13: -2.7736653 | C13: 0.28689012 | D13: =C13-B13 + B13/B13 - 1 -> 3.0605555
A14: 42735 | B14: -2.9624991 | C14: 0.18900596 | D14: =C14-B14 + B14/B14 - 1 -> 3.151505
... A38: 43465 | B38: -2.477319 | C38: 0.7713559 | D38: =C38-B38 + B38/B38 - 1 -> 3.2486749
A39: 43496 | C39: 0.77664865 | D39: =C39-B39 + B39/B39 - 1 -> #DIV/0!
A40: 43524 | C40: 0.84793652 | D40: =C40-B40 + B40/B40 - 1 -> #DIV/0!
A41: 43555 | C41: 0.63439129 | D41: =C41-B41 + B41/B41 - 1 -> #DIV/0!
A42: 43585 | C42: 0.76309545 | D42: =C42-B42 + B42/B42 - 1 -> #DIV/0!
A43: 43616 | C43: 0.5661857 | D43: =C43-B43 + B43/B43 - 1 -> #DIV/0!
A44: 43646 | C44: 0.57347808 | D44: =C44-B44 + B44/B44 - 1 -> #DIV/0!
A45: 43677 | C45: 0.35371936 | D45: =C45-B45 + B45/B45 - 1 -> #DIV/0!
A46: 43708 | B46: -3.1624533 | C46: 0.33592687 | D46: =C46-B46 + B46/B46 - 1 -> 3.4983802
A47: 43738 | B47: -3.2887525 | C47: 0.28235619 | D47: =C47-B47 + B47/B47 - 1 -> 3.5711087
A48: 43769 | B48: -2.6287077 | C48: 0.42363649 | D48: =C48-B48 + B48/B48 - 1 -> 3.0523441
A49: 43799 | B49: -2.4366866 | C49: 0.49694733 | D49: =C49-B49 + B49/B49 - 1 -> 2.9336339
A50: 43830 | B50: -2.4435781 | C50: 0.53449275 | D50: =C50-B50 + B50/B50 - 1 -> 2.9780709
A51: 43861 | B51: -2.5507157 | C51: 0.40810096 | D51: =C51-B51 + B51/B51 - 1 -> 2.9588166
A52: 43890 | B52: -2.5141711 | C52: 0.29919907 | D52: =C52-B52 + B52/B52 - 1 -> 2.8133702
A53: 43921 | B53: -2.5148382 | C53: 0.14692196 | D53: =C53-B53 + B53/B53 - 1 -> 2.6617602
A54: 43951 | B54: -2.412373 | C54: 0.03639617 | D54: =C54-B54 + B54/B54 - 1 -> 2.4487691
A55: 43982 | B55: -2.8594205 | C55: -0.045366001 | D55: =C55-B55 + B55/B55 - 1 -> 2.8140545
A56: 44012 | B56: -2.7516368 | C56: -0.087812671 | D56: =C56-B56 + B56/B56 - 1 -> 2.6638242
A57: 44043 | B57: -2.9725443 | C57: -0.13294234 | D57: =C57-B57 + B57/B57 - 1 -> 2.8396019
... A125: 46112 | B125: -0.20587266 | C125: 4.2853745 | D125: =C125-B125 + B125/B125 - 1 -> 4.4912472

Sheet Monthly CPI
A1: Title | B1: CPI ANNUAL RATE 00: ALL ITEMS 2015=100
A2: 2016 JAN | B2: 0.3
A3: 2016 FEB | B3: 0.3
A4: 2016 MAR | B4: 0.5
A5: 2016 APR | B5: 0.3
A6: 2016 MAY | B6: 0.3
A7: 2016 JUN | B7: 0.5
A8: 2016 JUL | B8: 0.6
A9: 2016 AUG | B9: 0.6
A10: 2016 SEP | B10: 1
A11: 2016 OCT | B11: 0.9
A12: 2016 NOV | B12: 1.2
A13: 2016 DEC | B13: 1.6
... A123: 2026 FEB | B123: 3

Sheet Synchronising Time
A1: ='Rate decisions'!D2 -> Meeting Date | B1: 3 month rolling CPI | C1: Growth | D1: Rate Decision | G1: Date | H1: 12 month rolling CPI | I1: 3 month rolling average | J1: Gross Value Added - Monthly (3 month on 3 month growth) :CVM SA
A2: ='Rate decisions'!D3 -> 46100 | B2: =_xlfn.XLOOKUP(A2, G2:G122, I2:I122,,-1) -> 3.2 | C2: =_xlfn.XLOOKUP(A2, G2:G122, J2:J122,,-1) -> 0.3 | D2: =_xlfn.XLOOKUP(A2, 'Rate decisions'!D3:D83,'Rate decisions'!E3:E83,,-1) -> 3.75 | G2: 46023 | H2: 3 | I2: =AVERAGE(H2:H4) -> 3.2 | J2: 0.3
A3: ='Rate decisions'!D4 -> 46058 | B3: =_xlfn.XLOOKUP(A3, G3:G123, H3:H123,,-1) -> 3.4 | C3: =_xlfn.XLOOKUP(A3, G3:G123, J3:J123,,-1) -> 0 | D3: =_xlfn.XLOOKUP(A3, 'Rate decisions'!D4:D84,'Rate decisions'!E4:E84,,-1) -> 3.75 | G3: 45992 | H3: 3.4 | I3: =AVERAGE(H3:H5) -> 3.4 | J3: 0
A4: ='Rate decisions'!D5 -> 46009 | B4: =_xlfn.XLOOKUP(A4, G4:G124, H4:H124,,-1) -> 3.2 | C4: =_xlfn.XLOOKUP(A4, G4:G124, J4:J124,,-1) -> -0.1 | D4: =_xlfn.XLOOKUP(A4, 'Rate decisions'!D5:D85,'Rate decisions'!E5:E85,,-1) -> 3.75 | G4: 45962 | H4: 3.2 | I4: =AVERAGE(H4:H6) -> 3.5333333 | J4: -0.1
A5: ='Rate decisions'!D6 -> 45967 | B5: =_xlfn.XLOOKUP(A5, G5:G125, H5:H125,,-1) -> 3.6 | C5: =_xlfn.XLOOKUP(A5, G5:G125, J5:J125,,-1) -> -0.1 | D5: =_xlfn.XLOOKUP(A5, 'Rate decisions'!D6:D86,'Rate decisions'!E6:E86,,-1) -> 4 | G5: 45931 | H5: 3.6 | I5: =AVERAGE(H5:H7) -> 3.7333333 | J5: -0.1
A6: ='Rate decisions'!D7 -> 45918 | B6: =_xlfn.XLOOKUP(A6, G6:G126, H6:H126,,-1) -> 3.8 | C6: =_xlfn.XLOOKUP(A6, G6:G126, J6:J126,,-1) -> 0 | D6: =_xlfn.XLOOKUP(A6, 'Rate decisions'!D7:D87,'Rate decisions'!E7:E87,,-1) -> 4 | G6: 45901 | H6: 3.8 | I6: =AVERAGE(H6:H8) -> 3.8 | J6: 0
A7: ='Rate decisions'!D8 -> 45876 | B7: =_xlfn.XLOOKUP(A7, G7:G127, H7:H127,,-1) -> 3.8 | C7: =_xlfn.XLOOKUP(A7, G7:G127, J7:J127,,-1) -> 0.2 | D7: =_xlfn.XLOOKUP(A7, 'Rate decisions'!D8:D88,'Rate decisions'!E8:E88,,-1) -> 4 | G7: 45870 | H7: 3.8 | I7: =AVERAGE(H7:H9) -> 3.7333333 | J7: 0.2
A8: ='Rate decisions'!D9 -> 45827 | B8: =_xlfn.XLOOKUP(A8, G8:G128, H8:H128,,-1) -> 3.6 | C8: =_xlfn.XLOOKUP(A8, G8:G128, J8:J128,,-1) -> 0.1 | D8: =_xlfn.XLOOKUP(A8, 'Rate decisions'!D9:D89,'Rate decisions'!E9:E89,,-1) -> 4.25 | G8: 45839 | H8: 3.8 | I8: =AVERAGE(H8:H10) -> 3.6 | J8: 0.1
A9: ='Rate decisions'!D10 -> 45785 | B9: =_xlfn.XLOOKUP(A9, G9:G129, H9:H129,,-1) -> 3.4 | C9: =_xlfn.XLOOKUP(A9, G9:G129, J9:J129,,-1) -> 0.3 | D9: =_xlfn.XLOOKUP(A9, 'Rate decisions'!D10:D90,'Rate decisions'!E10:E90,,-1) -> 4.25 | G9: 45809 | H9: 3.6 | I9: =AVERAGE(H9:H11) -> 3.5 | J9: 0.1
A10: ='Rate decisions'!D11 -> 45736 | B10: =_xlfn.XLOOKUP(A10, G10:G130, H10:H130,,-1) -> 2.6 | C10: =_xlfn.XLOOKUP(A10, G10:G130, J10:J130,,-1) -> 0.6 | D10: =_xlfn.XLOOKUP(A10, 'Rate decisions'!D11:D91,'Rate decisions'!E11:E91,,-1) -> 4.5 | G10: 45778 | H10: 3.4 | I10: =AVERAGE(H10:H12) -> 3.1666667 | J10: 0.3
A11: ='Rate decisions'!D12 -> 45694 | B11: =_xlfn.XLOOKUP(A11, G11:G131, H11:H131,,-1) -> 2.8 | C11: =_xlfn.XLOOKUP(A11, G11:G131, J11:J131,,-1) -> 0.6 | D11: =_xlfn.XLOOKUP(A11, 'Rate decisions'!D12:D92,'Rate decisions'!E12:E92,,-1) -> 4.5 | G11: 45748 | H11: 3.5 | I11: =AVERAGE(H11:H13) -> 2.9666667 | J11: 0.5
A12: ='Rate decisions'!D13 -> 45645 | B12: =_xlfn.XLOOKUP(A12, G12:G132, H12:H132,,-1) -> 2.5 | C12: =_xlfn.XLOOKUP(A12, G12:G132, J12:J132,,-1) -> 0.4 | D12: =_xlfn.XLOOKUP(A12, 'Rate decisions'!D13:D93,'Rate decisions'!E13:E93,,-1) -> 4.75 | G12: 45717 | H12: 2.6 | I12: =AVERAGE(H12:H14) -> 2.8 | J12: 0.6
A13: ='Rate decisions'!D14 -> 45603 | B13: =_xlfn.XLOOKUP(A13, G13:G133, H13:H133,,-1) -> 2.6 | C13: =_xlfn.XLOOKUP(A13, G13:G133, J13:J133,,-1) -> 0.2 | D13: =_xlfn.XLOOKUP(A13, 'Rate decisions'!D14:D94,'Rate decisions'!E14:E94,,-1) -> 4.75 | G13: 45689 | H13: 2.8 | I13: =AVERAGE(H13:H15) -> 2.7666667 | J13: 0.6
A14: ='Rate decisions'!D15 -> 45554 | B14: =_xlfn.XLOOKUP(A14, G14:G134, H14:H134,,-1) -> 1.7 | C14: =_xlfn.XLOOKUP(A14, G14:G134, J14:J134,,-1) -> 0.1 | D14: =_xlfn.XLOOKUP(A14, 'Rate decisions'!D15:D95,'Rate decisions'!E15:E95,,-1) -> 5 | G14: 45658 | H14: 3 | I14: =AVERAGE(H14:H16) -> 2.7 | J14: 0.4
... A82: ='Rate decisions'!D83 -> 42383 | B82: =_xlfn.XLOOKUP(A82, G82:G202, H82:H202,,-1) -> 0.3 | C82: =_xlfn.XLOOKUP(A82, G82:G202, J82:J202,,-1) -> 0.5 | D82: =_xlfn.XLOOKUP(A82, 'Rate decisions'!D83:D163,'Rate decisions'!E83:E163,,-1) -> 0.5 | G82: 43586 | H82: 2 | I82: =AVERAGE(H82:H84) -> 2 | J82: 0.3
G83: 43556 | H83: 2.1 | I83: =AVERAGE(H83:H85) -> 1.9666667 | J83: 0.5
G84: 43525 | H84: 1.9 | I84: =AVERAGE(H84:H86) -> 1.8666667 | J84: 0.5
B85: {=LINEST(D2:D54,B2:C54,TRUE,TRUE)} -> -0.0056914108 | C85: 0.13757118 | D85: 2.2039236 | G85: 43497 | H85: 1.9 | I85: =AVERAGE(H85:H87) -> 1.9333333 | J85: 0.1
B86: 0.054464778 | C86: 0.088375823 | D86: 0.43825042 | G86: 43466 | H86: 1.8 | I86: =AVERAGE(H86:H88) -> 2.0666667 | J86: 0
B87: 0.046245238 | C87: 1.9375744 | D87: #N/A | G87: 43435 | H87: 2.1 | I87: =AVERAGE(H87:H89) -> 2.2666667 | J87: 0.1
B88: 1.2121889 | C88: 50 | D88: #N/A | G88: 43405 | H88: 2.3 | I88: =AVERAGE(H88:H90) -> 2.3666667 | J88: 0.3
B89: 9.1015863 | C89: 187.70973 | D89: #N/A | G89: 43374 | H89: 2.4 | I89: =AVERAGE(H89:H91) -> 2.5 | J89: 0.3
G90: 43344 | H90: 2.4 | I90: =AVERAGE(H90:H92) -> 2.5333333 | J90: 0.3
G91: 43313 | H91: 2.7 | I91: =AVERAGE(H91:H93) -> 2.5333333 | J91: 0.5
G92: 43282 | H92: 2.5 | I92: =AVERAGE(H92:H94) -> 2.4333333 | J92: 0.4
G93: 43252 | H93: 2.4 | I93: =AVERAGE(H93:H95) -> 2.4 | J93: 0.2
G94: 43221 | H94: 2.4 | I94: =AVERAGE(H94:H96) -> 2.4333333 | J94: -0.1
G95: 43191 | H95: 2.4 | I95: =AVERAGE(H95:H97) -> 2.5333333 | J95: -0.1
G96: 43160 | H96: 2.5 | I96: =AVERAGE(H96:H98) -> 2.7333333 | J96: 0.1
G97: 43132 | H97: 2.7 | I97: =AVERAGE(H97:H99) -> 2.9 | J97: 0.3
G98: 43101 | H98: 3 | I98: =AVERAGE(H98:H100) -> 3.0333333 | J98: 0.5
G99: 43070 | H99: 3 | I99: =AVERAGE(H99:H101) -> 3.0333333 | J99: 0.7
G100: 43040 | H100: 3.1 | I100: =AVERAGE(H100:H102) -> 3.0333333 | J100: 0.7
G101: 43009 | H101: 3 | I101: =AVERAGE(H101:H103) -> 2.9666667 | J101: 0.6
... G122: 42370 | H122: 0.3 | I122: =AVERAGE(H122:H124) -> 1.65 | J122: 0.5
H123: 3 | I123: 3.3951661 | J123: 0.5
I124: 3.2925535
I125: 4.4912472

Sheet Expected inflation
A1: Date | B1: 12 month rolling CPI
A2: 42370 | B2: 0.3
A3: 42401 | B3: 0.3
A4: 42430 | B4: 0.5
A5: 42461 | B5: 0.3
A6: 42491 | B6: 0.3
A7: 42522 | B7: 0.5
A8: 42552 | B8: 0.6
A9: 42583 | B9: 0.6
A10: 42614 | B10: 1
A11: 42644 | B11: 0.9
A12: 42675 | B12: 1.2
A13: 42705 | B13: 1.6
... A122: 46023 | B122: 3
B123: 3

Sheet Growth (GVA)
A1: Date | B1: Gross Value Added - Monthly (3 month on 3 month growth) :CVM SA
A2: 2016 JAN | B2: 0.5
A3: 2016 FEB | B3: 0.7
A4: 2016 MAR | B4: 0.6
A5: 2016 APR | B5: 0.9
A6: 2016 MAY | B6: 0.7
A7: 2016 JUN | B7: 0.8
A8: 2016 JUL | B8: 0.4
A9: 2016 AUG | B9: 0.5
A10: 2016 SEP | B10: 0.5
A11: 2016 OCT | B11: 0.7
A12: 2016 NOV | B12: 0.7
A13: 2016 DEC | B13: 0.7
... A123: 2026 FEB | B123: 0.5

Sheet Rate decisions
A1: Bank Rate history and data | Bank of England Database
A2: Decision Date | B2: Rate | D2: Meeting Date
A3: 46009 | B3: 3.75 | D3: 46100 | E3: 3.75
A4: 45876 | B4: 4 | D4: 46058 | E4: 3.75
A5: 45785 | B5: 4.25 | D5: 46009 | E5: 3.75
A6: 45694 | B6: 4.5 | D6: 45967 | E6: 4
A7: 45603 | B7: 4.75 | D7: 45918 | E7: 4
A8: 45505 | B8: 5 | D8: 45876 | E8: 4
A9: 45141 | B9: 5.25 | D9: 45827 | E9: 4.25
A10: 45099 | B10: 5 | D10: 45785 | E10: 4.25
A11: 45057 | B11: 4.5 | D11: 45736 | E11: 4.5
A12: 45008 | B12: 4.25 | D12: 45694 | E12: 4.5
A13: 44959 | B13: 4 | D13: 45645 | E13: 4.75
A14: 44910 | B14: 3.5 | D14: 45603 | E14: 4.75
... A27: 42586 | B27: 0.25 | D27: 45008 | E27: 4.25
D28: 44959 | E28: 4
D29: 44910 | E29: 3.5
D30: 44826 | E30: 2.25
D31: 44777 | E31: 1.75
D32: 44728 | E32: 1.25
D33: 44686 | E33: 1
D34: 44637 | E34: 0.75
D35: 44595 | E35: 0.5
D36: 44546 | E36: 0.25
D37: 44504 | E37: 0.75
D38: 44462 | E38: 0.75
D39: 44413 | E39: 0.75
... D83: 42383 | E83: 0.5
